Gender,GivenName,MiddleInitial,Surname,StreetAddress,City,State,ZipCode,CountryFull,EmailAddress,Username,Password,TelephoneNumber,Birthday,Company,Latitude,Longitude
female,Tammy,J,Moy,4783 Henery Street,Wichita,KS,67202,United States,TammyJMoy@gustr.com,Niumor,Xoo3jae3eiv,316-765-8145,2/16/1970,Weingarten's,37.668672,-97.319657
female,Mattie,J,Smith,813 Sherman Street,Troy,KS,66087,United States,MattieJSmith@jourrapide.com,Worence,uCoh3bei1ee,785-985-8568,1/15/1960,Dreamscape Garden Care,39.802583,-95.169041
female,Cynthia,G,Ortiz,4989 Lighthouse Drive,Branson,MO,65616,United States,CynthiaGOrtiz@superrito.com,Blaying,oothae7Ai,417-316-4187,9/5/1928,Tech Hifi,36.658486,-93.193895
female,Jean,V,Rogers,216 Lighthouse Drive,Springfield,MO,65804,United States,JeanVRogers@teleworm.us,Mact1963,ies8ifeT,417-349-1843,12/5/1963,Plan Smart Partner,37.142731,-93.260362
female,Dawn,W,Jones,4314 Twin House Lane,Springfield,MO,65806,United States,DawnWJones@rhyta.com,Stalow,shegh0Xavae,417-425-5799,9/2/1973,Soft Warehouse,37.27486,-93.327615
male,Antonio,C,Griffin,4382 Sherman Street,Denison,KS,66419,United States,AntonioCGriffin@teleworm.us,Pritioneatch58,ieng7IZaem,785-935-6046,4/11/1958,Specific Appraisals,39.344056,-95.547216
female,Josette,R,Cowgill,850 Maple Court,Risco,MO,63874,United States,JosetteRCowgill@gustr.com,Yousit1968,theeKu1ja9,573-396-7718,2/17/1968,Naugles,36.495483,-89.802758
female,Regina,T,Morrison,3907 Lighthouse Drive,Wheatland,MO,65779,United States,ReginaTMorrison@superrito.com,Wasooked,eepae2uHei3,417-282-1056,3/27/1941,Fedco,37.898136,-93.305777
female,Ashley,D,Houser,2276 Better Street,Kansas City,KS,66215,United States,AshleyDHouser@dayrep.com,Nowasivem,aisheiV6z,913-269-4333,9/28/1936,Matrix Interior Design,39.029122,-94.689609
male,Casey,A,McChesney,570 Ash Avenue,Saint Louis,MO,63130,United States,CaseyAMcChesney@gustr.com,Anown1954,Faez5audae,314-933-0781,4/16/1954,Matrix Architectural Service ,38.735808,-90.233737
male,Paul,K,Lowry,4853 Rodney Street,Portage Des Sioux,MO,63373,United States,PaulKLowry@cuvox.de,Rustred,oomae3UFau,636-434-6042,1/6/1973,Budget Power,38.994556,-90.493004
male,Richard,J,Cruz,1593 Mandan Road,New Madrid,MO,63869,United States,RichardJCruz@dayrep.com,Wriand,ooT2chie5,573-748-0347,9/10/1984,Musicland,36.608772,-89.513219
male,Gerald,A,Langston,2977 Better Street,Olathe,KS,66061,United States,GeraldALangston@superrito.com,Lieforly,auPhee1oh,913-324-7599,3/10/1973,Pak and Save,38.966575,-94.838996
male,Gustavo,J,Rudd,2841 Breezewood Court,Pretty Prairie,KS,67570,United States,GustavoJRudd@dayrep.com,Sicame,aibieFing2,620-459-4238,12/8/1940,Laura Ashley Mother & Child,37.825423,-97.940509
female,Amy,E,Heron,4330 Chandler Drive,Lowry City,MO,64763,United States,AmyEHeron@rhyta.com,Hingday,gohzaef4buJ4,417-644-6191,11/3/1932,Rack N Sack,38.073858,-93.785559
female,Martha,M,Burton,2881 Maple Court,Camdenton,MO,65020,United States,MarthaMBurton@superrito.com,Suffected,eec4eisaeWu,573-346-9207,9/17/1963,Tam's Stationers,37.922196,-92.851826
female,Jerrie,J,Lydon,2353 Loving Acres Road,Kansas City,MO,66210,United States,JerrieJLydon@cuvox.de,Evould,ohSheij1aHoh,816-935-6978,12/27/1940,Giant Open Air,39.093903,-94.754435
male,Matthew,L,Breeden,1117 Ridge Road,Caldwell,KS,67022,United States,MatthewLBreeden@einrot.com,Onegalk,eivaeL6ai,620-845-6627,6/5/1966,Food Giant,37.192043,-97.540989
male,Danny,T,McKee,753 Sigley Road,Hays,KS,67601,United States,DannyTMcKee@cuvox.de,Fait1973,Be2Loo6eimie,785-625-8609,11/20/1973,Avant Garde Appraisal Group,38.982799,-99.255681
male,Howard,K,Hoyle,1658 Oliverio Drive,Moundridge,KS,67107,United States,HowardKHoyle@rhyta.com,Thoice69,ho6ahhe1Ai,620-640-8990,9/11/1969,Team Electronics,38.177697,-97.552069
male,Darrell,S,Arango,2686 Henery Street,Wichita,KS,67202,United States,DarrellSArango@jourrapide.com,Prity1976,im7Feip1,316-734-3799,11/16/1976,Mr Fables,37.762895,-97.378163
male,Marc,R,Valencia,4529 Maloy Court,Manhattan,KS,66502,United States,MarcRValencia@armyspy.com,Hured1957,ahcain9liSie,785-395-0489,7/10/1957,Present Company,39.086577,-96.544275
male,Vito,B,Dunbar,4170 Big Elm,Kansas City,MO,64134,United States,VitoBDunbar@armyspy.com,Themart,Az7aiy6gezie,816-765-6780,2/8/1958,Silverwoods,38.894423,-94.575852
female,Brittney,J,Judd,4228 John Daniel Drive,Jefferson City,MO,65101,United States,BrittneyJJudd@fleckens.hu,Buttim,quilieYae9,573-632-9678,4/11/1980,Netcom Business Services,38.561518,-92.220288
male,Steve,T,Lovell,4023 Twin House Lane,Purdy,MO,65734,United States,SteveTLovell@rhyta.com,Comfor,ow9ail9Saa3,417-442-0974,11/25/1944,Exact Realty,36.726643,-93.965062
male,Jonathan,D,Nelson,4935 Tree Frog Lane,Plattsburg,MO,64477,United States,JonathanDNelson@gustr.com,Xxxxxis,Hohvaev1ug,816-539-2758,2/20/1956,Hechinger,39.579848,-94.445716
male,Joe,I,Hasse,4282 John Daniel Drive,Senath,MO,63876,United States,JoeIHasse@teleworm.us,Vailes,yoohoi6uCh,573-738-6438,2/11/1980,Master Builder Design Services,36.105603,-90.113318
male,Ron,V,Conner,2119 Breezewood Court,Piqua,KS,66761,United States,RonVConner@superrito.com,Onancery,tohthai1V,620-468-4134,4/5/1963,Showbiz Pizza Place,37.965346,-95.577736
male,Mark,K,Miller,3986 Traders Alley,Harrisonville,MO,64701,United States,MarkKMiller@einrot.com,Sman1973,ib2bexae6Se,816-380-8967,6/8/1973,Golden Joy,38.642368,-94.328619
male,Jason,L,Scanlon,4708 Maloy Court,Longford,KS,67458,United States,JasonLScanlon@jourrapide.com,Wearprapart,Phi1kee2,785-388-4847,10/3/1957,Express Merchant Service,39.215635,-97.182273
female,Tammy,B,Kenney,171 White Oak Drive,Lathrop,MO,64465,United States,TammyBKenney@superrito.com,Parsten,Ae5fo8Een9A,816-740-6334,9/24/1961,Deco Refreshments Inc.,39.595242,-94.30311
female,Sheila,J,Rivas,709 Hummingbird Way,Abilene,KS,67410,United States,SheilaJRivas@dayrep.com,Slions,ohvohleW6,785-200-7983,4/11/1970,Erol's,39.083137,-97.218189
male,Michael,J,Sierra,4201 Ridge Road,Belle Plaine,KS,67013,United States,MichaelJSierra@cuvox.de,Prited1990,Ohthei4eeboo,620-790-2614,2/25/1990,Dahlkemper's,37.289993,-97.211418
male,Victor,M,Klatt,830 Maloy Court,Russell,KS,67665,United States,VictorMKlatt@dayrep.com,Loter1953,Fohweeb1no,785-445-6544,4/24/1953,Architectural Genie,38.825941,-98.848546
male,Robert,L,Leon,136 Oak Ridge Drive,Stlouis,MO,63101,United States,RobertLLeon@fleckens.hu,Demusbace,Qui3Ti9Coh5,573-590-4063,12/20/1964,Greyvoid,38.570605,-90.156766
female,Mickey,R,Hinderliter,2231 Briarwood Road,Joplin,MO,64804,United States,MickeyRHinderliter@gustr.com,Wherfust83,oes9kaaMu,417-850-5724,7/11/1983,Star Bright Investment Group,37.039371,-94.517314
male,Jose,D,Doyle,1044 Sigley Road,Manhattan,KS,66502,United States,JoseDDoyle@teleworm.us,Trage1950,kaHieP4foh,785-532-9771,10/25/1950,Maxi-Tech,39.198861,-96.500627
female,Theresa,J,Burris,2679 Big Elm,Overland Park,MO,64110,United States,TheresaJBurris@gustr.com,Mortak,mooP5Vei,816-808-6914,5/24/1993,The Warner Brothers Store,38.866342,-94.674094
female,Florence,W,Harris,1430 Loving Acres Road,Lenexa,MO,66215,United States,FlorenceWHarris@cuvox.de,Lacy1943,ughohroPh1,816-956-2515,11/8/1943,Total Quality,38.876608,-94.761856
female,Pauline,W,Brown,925 Bruce Street,Saint Louis,MO,63141,United States,PaulineWBrown@jourrapide.com,Entriank,fethoopeY4,314-372-9479,2/13/1970,Paper Cutter,38.644636,-90.437868
female,Josephine,K,Prater,4625 Maloy Court,Topeka,KS,66605,United States,JosephineKPrater@dayrep.com,Undest32,IeSh7Uuth,785-440-1488,10/20/1932,County Market,39.003685,-95.703204
male,Werner,J,Smith,280 Fairmont Avenue,Kirksville,MO,63501,United States,WernerJSmith@fleckens.hu,Thenandtor,aighie9joCih,660-341-4950,1/23/1995,The Lawn Guru,40.105082,-92.692185
female,Christine,J,Ries,2726 Fairmont Avenue,Kansas City,MO,64106,United States,ChristineJRies@teleworm.us,Lecoany,Ahgibeigh9j,660-240-1522,5/1/1944,Second Time Around,39.114485,-94.475403
male,Carlos,S,Laney,2887 Maloy Court,Holton,KS,66436,United States,CarlosSLaney@teleworm.us,Werse1947,eeQuo6xeibai,785-364-0818,9/21/1947,Star Merchant Services,39.420683,-95.690873
female,Dion,R,Pesce,1325 Nicholas Street,Topeka,KS,66605,United States,DionRPesce@cuvox.de,Luche1978,yoo7ASh6,785-290-1121,6/9/1978,Alexander's,38.975412,-95.571524
female,Marianne,J,Lane,3155 Sharon Lane,Sullivan,MO,63080,United States,MarianneJLane@einrot.com,Tuentaideme,yuu0Shoo,573-927-1499,6/4/1993,Big Daddy's Restaurants,38.294898,-91.138416
female,Deanna,R,Rego,485 Oliverio Drive,Bushton,KS,67427,United States,DeannaRRego@armyspy.com,Whimse,yu1caeD5ei,620-562-9709,10/11/1984,Record Town,38.59816,-98.322841
male,Randall,D,Boyer,3673 Big Elm,Richmond,MO,64085,United States,RandallDBoyer@jourrapide.com,Posucheen,iHaehu7Ee,816-776-4066,6/6/1954,J. Riggings,39.351452,-93.964796
female,Agnes,R,Savino,4226 Traders Alley,Kansas City,MO,64106,United States,AgnesRSavino@cuvox.de,Lande1948,uol5Eech6,816-338-7472,9/3/1948,Sunny's Surplus,39.06729,-94.515594
female,Martha,E,Gupta,2696 Mandan Road,New Florence,MO,63363,United States,MarthaEGupta@gustr.com,Dephateras1992,choe1agh5X,573-835-5648,3/9/1992,Mr. AG's,38.919916,-91.37006
male,David,E,Smith,2207 Sherman Street,Menlo,KS,67746,United States,DavidESmith@jourrapide.com,Shergoidold,fah4Exae,785-855-6512,10/16/1976,Music Boutique,39.384814,-100.674859
female,Dominga,J,Sigala,175 Blair Court,Hamburg,MO,64482,United States,DomingaJSigala@superrito.com,Sprinstif63,geij9Zaiw7th,660-389-9650,3/3/1963,Exact Solutions,40.557228,-95.642469
female,Patricia,G,Wilson,1930 Blane Street,Saint Louis,MO,63108,United States,PatriciaGWilson@jourrapide.com,Drat1995,heiPo5Deiph,314-534-2788,7/13/1995,Galyan's,38.630779,-90.240035
male,Morris,J,Nichols,2423 Bruce Street,Saint Louis,MO,63101,United States,MorrisJNichols@gustr.com,Youghthears,ahQuiex9f,314-262-4115,2/21/1985,The Wall,38.597702,-90.276639
male,Steven,R,Gillespie,2236 Irving Place,O Fallon,MO,63366,United States,StevenRGillespie@armyspy.com,Thew1940,biex4Pho,636-281-4664,3/9/1940,Rolling Thunder,38.737954,-90.780399
male,Charles,L,Hain,1871 Lighthouse Drive,Pittsburg,MO,66762,United States,CharlesLHain@cuvox.de,Counale,yeiChaeb6,417-238-7019,12/3/1980,Fragrant Flower Lawn Services,37.430681,-94.709948
female,Nicole,P,Graham,4583 Traders Alley,Kansas City,MO,64105,United States,NicolePGraham@einrot.com,Moread,Aegoh7gie9U,816-332-1004,10/23/1959,Raleigh's,39.087738,-94.543461
female,Cecilia,S,Rice,750 Sigley Road,Manhattan,KS,66502,United States,CeciliaSRice@einrot.com,Begadd,Oovahw9ix,785-565-5764,6/2/1963,Earthworks Garden Kare,39.143107,-96.616177
female,Ann,E,Macias,3614 White Oak Drive,Kingsville,MO,64061,United States,AnnEMacias@teleworm.us,Figother,OhCieth6oot,816-720-1301,4/18/1931,Grodins,38.821936,-94.150309
female,Sarah,J,Stine,929 Chandler Drive,Springfield,MO,65806,United States,SarahJStine@dayrep.com,Rusten,goaRaet4ei,417-635-6471,4/6/1965,Roadhouse Grill,37.199652,-93.3011
female,Eva,M,Duncan,99 Penn Street,Camdenton,MO,65020,United States,EvaMDuncan@superrito.com,Thisseveren,laiM7aimae,573-317-0178,9/7/1935,Sampson's,37.943767,-92.698997
male,David,N,Bull,3761 Bruce Street,Saint Louis,MO,63108,United States,DavidNBull@jourrapide.com,Nincen,eeJai2ae,314-361-0949,5/28/1960,Matrix Interior Design,38.627444,-90.301291
male,Brian,D,Kelly,4173 Nutter Street,Kansas City,MO,64127,United States,BrianDKelly@teleworm.us,Monan1937,aRa3Zees,816-241-3465,7/5/1937,Zantigo,39.070883,-94.585259
female,Lori,W,Graber,1121 Lighthouse Drive,Branson,MO,65616,United States,LoriWGraber@einrot.com,Thisce,ge5aiPh8,417-330-2302,12/20/1957,Honest Air Group,36.580661,-93.257639
female,April,T,Thill,2297 Poe Lane,Lawrence,KS,66044,United States,AprilTThill@rhyta.com,Reste1966,Jai9aecelei,913-400-3079,10/12/1966,O.K. Fairbanks,39.075583,-95.308041
female,Susan,B,Pecor,2897 Bruce Street,Saint Louis,MO,63104,United States,SusanBPecor@superrito.com,Witerequinge,Sha6ohv2f,314-254-6733,7/25/1981,Golden Dawn,38.612444,-90.247227
male,Victor,A,Gregory,1366 Blane Street,Stlouis,MO,63101,United States,VictorAGregory@armyspy.com,Sibrom,yiewaeCh2Ee,314-541-4720,10/11/1958,E-zhe Source,38.552714,-90.175637
female,Carol,E,Durden,351 Chandler Drive,Billings,MO,65610,United States,CarolEDurden@armyspy.com,Puble1936,eezeij0oQuei,417-744-8634,1/3/1936,Almacs,37.098439,-93.483307
male,Francisco,A,Decker,3068 Rodney Street,O Fallon,MO,63366,United States,FranciscoADecker@superrito.com,Siblen,Ezaib9aL,636-485-9998,10/12/1967,Morville,38.786077,-90.794646
male,Gary,C,Hall,1336 Blane Street,Saint Louis,MO,63123,United States,GaryCHall@rhyta.com,Goopect,phieb6Piech,314-544-8055,9/5/1982,Pak and Save,38.591788,-90.257358
female,Geraldine,W,Cady,3859 Rodney Street,Chesterfield,MO,63005,United States,GeraldineWCady@superrito.com,Amituchens1937,bieNgah3pai,636-537-8299,12/27/1937,Jeans Unlimited,38.536708,-90.707295
male,Jason,A,Jones,3656 Henery Street,Wichita,KS,67203,United States,JasonAJones@jourrapide.com,Weate1952,She9aLeixee,316-941-6917,4/25/1952,Atlas Realty,37.752771,-97.304259
male,Richard,S,Parrish,1239 Sherman Street,Hope,KS,67451,United States,RichardSParrish@gustr.com,Ficky1945,quue3Achu6,785-965-7068,6/17/1945,Avant Garde Appraisal,38.67898,-97.15154
female,Lillian,G,Evans,3997 Oliverio Drive,Wichita,KS,67202,United States,LillianGEvans@dayrep.com,Utualloutulm,IeV5Noo5fu0,620-614-2713,6/28/1995,Olson's Market,37.597127,-97.420541
male,Clint,L,Hall,1063 Briarwood Road,Springfield,MO,65804,United States,ClintLHall@einrot.com,Joincte,eiM9ir2Je,417-820-5335,2/18/1945,Buehler Foods,37.089548,-93.219071
female,Kristin,A,Williams,4288 State Street,Saint Louis,MO,63101,United States,KristinAWilliams@fleckens.hu,Phourand,xehaeN4gee,314-224-3825,10/8/1975,Noodle Kidoodle,38.689237,-90.098646
female,Linda,G,Jackson,2684 Fairmont Avenue,Rothville,MO,64676,United States,LindaGJackson@dayrep.com,Ageatundest,oochohhoC9m,660-256-3620,12/3/1975,Red Robin Stores,39.637005,-93.06376
male,James,M,Arvizu,3725 Rodney Street,Manchester,MO,63011,United States,JamesMArvizu@teleworm.us,Whilto,Cheeloxap5,636-386-6822,3/7/1995,Crazy Tiger,39.464314,-90.328958
male,Rodger,H,Overturf,4593 Ash Avenue,Saint Louis,MO,63108,United States,RodgerHOverturf@armyspy.com,Liket1954,Rier0uo6,314-919-6648,8/18/1954,Today's Man,38.547788,-90.156293
female,Tosha,M,Sanders,2526 Twin House Lane,Jerico Springs,MO,64756,United States,ToshaMSanders@rhyta.com,Plinglors,ahgee6Ohsie,417-398-3808,11/3/1954,Tower Records,37.59493,-93.995528
female,Jackie,J,Jude,2821 Tree Frog Lane,Kansas City,MO,64106,United States,JackieJJude@superrito.com,Deprectuod,ufieyiD4eiv,816-457-4098,12/18/1966,Zantigo,39.117803,-94.546194
female,Liz,A,McElhannon,3629 Cottrill Lane,Saint Louis,MO,63109,United States,LizAMcElhannon@dayrep.com,Youbtlears,IeLainaW1Lah,314-457-9798,9/18/1987,Schaak Electronics,38.665215,-90.283179
male,Shane,J,Dunn,1202 Sherman Street,Everest,KS,66424,United States,ShaneJDunn@cuvox.de,Fropeasithey88,ohRahxai8,785-988-4749,3/1/1988,Hudson's MensWear,39.65608,-95.416988
male,Marvin,S,Wilson,4990 Twin House Lane,Niangua,MO,65713,United States,MarvinSWilson@gustr.com,Worterincur,Ler0Mu6xe4,417-473-6413,4/1/1940,Handy Dan,37.351357,-92.701199
female,Elin,L,Rodgers,2557 Twin House Lane,Powell,MO,65730,United States,ElinLRodgers@fleckens.hu,Ader1978,Meequ3EoY,417-435-1137,12/28/1978,Luria's,36.706946,-94.040819
female,Carol,M,Treiber,427 John Daniel Drive,Jefferson City,MO,65101,United States,CarolMTreiber@dayrep.com,Ofteremsery,Joh7Peix,573-636-6372,3/21/1942,McMahan's Furniture,38.414099,-92.145361
male,Kevin,C,Moore,3639 Poe Lane,Kansas City,KS,64106,United States,KevinCMoore@einrot.com,Abourth1945,AiHahf0ei,913-594-0001,2/21/1945,Record & Tape Outlet,39.127971,-94.563363
male,Anthony,V,Johnson,2348 Blair Court,Higbee,MO,65257,United States,AnthonyVJohnson@rhyta.com,Hich1963,ti2Eeneijahl,660-456-1159,4/9/1963,County Seat,39.332555,-92.566811
female,Raye,J,Markland,2280 Irving Place,Washington,MO,63090,United States,RayeJMarkland@dayrep.com,Repin1969,thie2RooR6M,636-221-6840,9/18/1969,Expo Superstore,38.511025,-91.111651
male,Patrick,F,Boone,361 Nicholas Street,Rush Center,KS,67575,United States,PatrickFBoone@einrot.com,Hostred69,goe7re8Ee,785-343-8292,6/16/1969,Irving's Sporting Goods,38.409283,-99.32142
female,Joanne,L,Carpenter,3271 Lake Forest Drive,Kansas City,KS,66223,United States,JoanneLCarpenter@gustr.com,Perclovery,Aivie6roo,913-897-1514,11/5/1977,Sambo's,39.113433,-94.678264
female,Judith,D,Caro,1768 Charter Street,Kansas City,KS,66109,United States,JudithDCaro@teleworm.us,Taim1934,foo2Auf5n,913-721-7363,7/19/1934,Keeney's,39.100373,-94.822234
female,Patricia,J,Garza,4217 Charter Street,Kansas City,KS,66215,United States,PatriciaJGarza@teleworm.us,Parliveartle,Ahxoh9ahFei,913-744-4180,5/26/1961,Krauses Sofa Factory,39.182915,-94.73249
female,Christie,W,Darby,1772 Oak Lane,Brunswick,MO,65236,United States,ChristieWDarby@armyspy.com,Mortince1981,Jahw9mah7e,660-634-2261,5/31/1981,Keeney's,39.400321,-93.138563
male,Dewey,D,Davis,4249 Tree Frog Lane,Kansas City,MO,64106,United States,DeweyDDavis@gustr.com,Kner1936,eiXud0jooh,816-512-3817,7/18/1936,Sports Town USA,39.02713,-94.627577
female,Mary,J,Smith,1646 Lighthouse Drive,Polk,MO,65727,United States,MaryJSmith@dayrep.com,Welons1984,iet1eiD1ie,417-253-2797,6/15/1984,Ardan's,37.793033,-93.355462
female,Emily,R,Smith,4209 Lake Forest Drive,Kansas City,KS,66207,United States,EmilyRSmith@teleworm.us,Thimsed,deeXie2yeSh,913-901-0032,6/19/1974,P. Samuels Men's Clothiers,39.145144,-94.676663
male,Duane,S,Whitford,854 Oak Lane,Leeton,MO,64761,United States,DuaneSWhitford@fleckens.hu,Thas1946,Biey0soo,660-653-0182,12/14/1946,Spaceage Stereo,38.527362,-93.706465
female,Rebecca,D,Monahan,986 Fairmont Avenue,Moberly,MO,65270,United States,RebeccaDMonahan@rhyta.com,Rase1965,laey5Jai,660-263-8852,5/25/1965,Club Wholesale,39.491408,-92.390505
male,Stanley,J,Storer,538 Big Elm,Kansas City,MO,64151,United States,StanleyJStorer@rhyta.com,Reech1958,ohThue1pae,816-801-3199,1/14/1958,Access Asia,39.216641,-94.655394
female,Cassandra,C,Cooper,2752 Breezewood Court,Kendall,KS,67857,United States,CassandraCCooper@armyspy.com,Swout1952,pheiTee7gac,620-373-7117,1/16/1952,John Plain,38.014608,-101.470555
male,Raymond,M,Shearin,4653 Laurel Lee,Kansas City,MO,64106,United States,RaymondMShearin@superrito.com,Thaterninew,ohC0Jiengee,660-204-5515,10/9/1949,Saturday Matinee,39.175849,-94.489681
female,Arlene,B,Hitchcock,2240 Better Street,Mission,KS,66202,United States,ArleneBHitchcock@einrot.com,Againgly,iu5Ahkeek2,913-262-4213,4/11/1990,Destiny Planners,39.094481,-94.729435
male,Calvin,D,King,210 Blair Court,Lancaster,MO,63548,United States,CalvinDKing@dayrep.com,Efuld1959,eiTh4aith,660-457-8096,6/22/1959,Home Centers,40.510223,-92.442168
female,Elinor,J,Harper,4398 Tree Frog Lane,Lenexa,MO,66215,United States,ElinorJHarper@dayrep.com,Havistries,Doo7daicoh,816-519-5177,6/21/1975,Simply Appraisals,38.850356,-94.709413
male,Joseph,E,Ott,2760 Oliverio Drive,Moundridge,KS,67107,United States,JosephEOtt@armyspy.com,Alippon,oowe2aeK,620-640-6541,2/3/1940,DGS HomeSource,38.252781,-97.516913
male,Richard,C,Mullins,1699 Chandler Drive,Springfield,MO,65806,United States,RichardCMullins@teleworm.us,Fidlen,Aideelo1oug8,417-575-2981,4/22/1979,Cellophane Square,37.116002,-93.22751
male,David,W,Warner,2598 Gandy Street,Maryland Heights,MO,63141,United States,DavidWWarner@gustr.com,Cothast,lohf2ahSie,314-985-1794,10/4/1938,American Appliance,38.775019,-90.5458
male,John,J,Lindsey,702 Chandler Drive,Springfield,MO,65804,United States,JohnJLindsey@dayrep.com,Hinger,OhbahDei5,417-650-3693,3/29/1930,Gov Mart,37.057988,-93.31065
male,Michael,C,Wilson,609 Cottrill Lane,Stlouis,MO,63101,United States,MichaelCWilson@gustr.com,Floace,taedooc3Oh,314-491-6318,12/8/1940,Asian Solutions,38.53188,-90.269491
female,Ellen,E,Nash,3869 Davis Place,Cross Timbers,MO,65634,United States,EllenENash@armyspy.com,Madmily,oW8Wi0sh,417-998-9614,12/29/1941,Flexus,38.107497,-93.161861
male,Mark,J,Gilmer,496 Nicholas Street,Hays,KS,67601,United States,MarkJGilmer@fleckens.hu,Woreavelesor,Equee8pa2mi,785-260-9641,9/7/1986,Blockbuster Music,38.917701,-99.435663
male,Angel,L,Whitten,4073 Bruce Street,Saint Louis,MO,63146,United States,AngelLWhitten@armyspy.com,Defarnefor,Aiquafa0Ae,314-318-3216,10/30/1932,Team Designers and Associates,38.720968,-90.515228
female,Heather,D,Anderson,3841 Lighthouse Drive,Springfield,MO,65804,United States,HeatherDAnderson@gustr.com,Crongety,dieguR4aim,417-300-1712,6/21/1947,Foot Quarters,37.058641,-93.287671
female,Jean,A,Redmond,3382 Mandan Road,Farmington,MO,63640,United States,JeanARedmond@jourrapide.com,Promitestake,eifaeZ2r,573-760-9314,7/5/1957,Alexander's,37.769287,-90.285282
female,Ingrid,R,Lombard,3348 Briarwood Road,Springfield,MO,65806,United States,IngridRLombard@dayrep.com,Dramuch,Theivi1eik,417-838-6523,6/9/1987,Konsili,37.187272,-93.33744
female,Johnnie,D,Hinson,392 Mandan Road,Columbia,MO,65201,United States,JohnnieDHinson@fleckens.hu,Fornevere,Ipaih7Ob,573-815-3307,12/15/1986,Jewel Mart,38.926637,-92.178546
female,Mary,C,Whipple,1164 Oak Ridge Drive,Rolla,MO,65401,United States,MaryCWhipple@fleckens.hu,Ardegia,kieQuoop7ei,573-456-0825,9/10/1931,Vinyl Fever,37.905943,-91.791396
female,Eleanor,J,Peek,2625 Blane Street,Saint Louis,MO,63108,United States,EleanorJPeek@rhyta.com,Suld1964,phaid2Oh,314-551-6202,12/29/1964,Magna Architectural Design,38.684182,-90.351544
female,Sylvia,D,Phillips,2106 Irving Place,Harvester,MO,63303,United States,SylviaDPhillips@gustr.com,Twouch,vah6eu1W,636-229-6911,11/5/1951,Star Bright Investment Group,38.740262,-90.606112
male,Michael,A,Robison,2746 Cottrill Lane,Maryland Heights,MO,63043,United States,MichaelARobison@dayrep.com,Sealithed1968,EjoH4eek,314-494-4150,7/8/1968,Stratagee,38.693469,-90.499666
male,Thomas,E,Collins,2883 Better Street,Olathe,KS,66061,United States,ThomasECollins@armyspy.com,Stoult,bu5ZeiJ2Ph,913-324-2733,9/7/1973,Muirhead's,38.89533,-94.94007
female,Deborah,D,Breece,3162 Ash Avenue,Manchester,MO,63011,United States,DeborahDBreece@rhyta.com,Dingdowas,ueX8aa8uequ,314-960-6151,2/13/1964,Wise Appraisals,39.583093,-90.35867
male,Harold,F,Wilson,4483 Henery Street,Fort Worth,KS,76102,United States,HaroldFWilson@cuvox.de,Mance1978,thaV6kaa9c,316-954-7013,1/4/1978,Mages,32.826302,-97.362379
male,Michael,K,Longmire,2595 Dog Hill Lane,Lawrence,KS,66044,United States,MichaelKLongmire@fleckens.hu,Calat1969,bee7Ea2aivi,785-690-3662,4/4/1969,Nutri G,39.101807,-95.298852
male,Minh,C,Barr,4096 Penn Street,Columbia,MO,65201,United States,MinhCBarr@teleworm.us,Inateptind1988,Ookaayu0,573-303-8623,2/20/1988,Alexander's,38.947979,-92.30373
female,Jeannette,R,Ramirez,4735 Nutter Street,Overland Park,MO,64110,United States,JeannetteRRamirez@dayrep.com,Neques,ki8Aey4ieX,816-223-3549,7/31/1943,Ransohoffs,38.919764,-94.647616
female,Leonora,J,Starks,1092 Irving Place,Hillsboro,MO,63050,United States,LeonoraJStarks@jourrapide.com,Husai1933,Iey4zah5phie,636-299-8642,5/1/1933,Club Wholesale,38.213141,-90.65576
male,Jonathan,T,Moore,4701 Lighthouse Drive,Branson,MO,65616,United States,JonathanTMoore@cuvox.de,Forcer,Vi7ohz8Yoo,417-270-1048,3/8/1991,Sammy's Record Shack,36.706499,-93.301802
female,Susan,O,Chapell,3543 Ash Avenue,Saint Louis,MO,63129,United States,SusanOChapell@superrito.com,Guat1963,Iedaevie0,314-894-6155,12/21/1963,McDuff,38.510963,-90.422148
female,Beverly,D,Ellis,2289 Oak Lane,Lock Springs,MO,64654,United States,BeverlyDEllis@armyspy.com,Stemblitrand,Sacee6siew,660-772-6754,1/22/1977,Bountiful Harvest Health Food Store,39.90794,-93.733794
male,Stuart,M,Sylvia,389 Ridge Road,Matfield Green,KS,66862,United States,StuartMSylvia@einrot.com,Aculd1959,Ia4koocei1ai,620-753-9089,4/23/1959,Janeville,38.110104,-96.487985
male,Phillip,S,Yang,4099 James Avenue,Wichita,KS,67202,United States,PhillipSYang@teleworm.us,Flarme31,Oashes2biv,316-264-4809,10/30/1931,PriceRite Warehouse Club,37.610949,-97.273898
female,Carla,J,Whitmer,1140 Nutter Street,Overlandpk,MO,66210,United States,CarlaJWhitmer@rhyta.com,Youden,iicheiZoh2e,816-309-0449,3/9/1940,Brand Names,38.694465,-90.405572
female,Yvonne,P,Simeone,50 Williams Lane,Wichita,KS,67202,United States,YvonnePSimeone@rhyta.com,Wentre,eipee9Ud4,316-712-0831,2/7/1995,Your Future Is Now,37.644317,-97.417451
male,Thomas,L,Webb,2357 Oak Ridge Drive,Leadwood,MO,63653,United States,ThomasLWebb@jourrapide.com,Cersecove,Lohpho6ee,573-562-2652,9/4/1971,PriceRite Warehouse Club,37.783768,-90.626314
female,Ashley,R,Brown,4867 Mandan Road,Holcomb,MO,63852,United States,AshleyRBrown@armyspy.com,Throod,oh1Ou5piech,573-792-8277,5/2/1957,Future Plan,36.378258,-90.112626
male,Thomas,D,Anthony,2606 Fairmont Avenue,Mendon,MO,64660,United States,ThomasDAnthony@armyspy.com,Baccustelic,eir5Me7x,660-272-5623,3/23/1961,Pantry Pride,39.502778,-93.008832
male,Ryan,C,Singh,4543 Bruce Street,Maryland Heights,MO,63043,United States,RyanCSingh@jourrapide.com,Postre,qua0ui4Aej,314-363-8630,4/29/1986,Merrymaking,38.723024,-90.390965
male,Alfonso,D,Thies,1249 Sherman Street,Hays,KS,67601,United States,AlfonsoDThies@cuvox.de,Evingthe,chienaiha3X,785-953-6126,4/22/1969,Multi-Systems Merchant Services,38.898287,-99.277444
male,George,C,Charles,1225 Hawks Nest Lane,Saint Louis,MO,63101,United States,GeorgeCCharles@fleckens.hu,Alogme,eedai4Eiyoo,314-732-3530,3/10/1975,Big Bear Stores,38.630908,-90.14338
female,Alice,A,Rodriguez,1731 John Daniel Drive,Jefferson City,MO,65109,United States,AliceARodriguez@cuvox.de,Tioncy,ineiqu5Kai,573-673-7578,5/18/1929,Formula Grey,38.481089,-92.241972
female,Sylvia,J,Bruce,4145 Better Street,Kansas City,KS,66215,United States,SylviaJBruce@superrito.com,Alwat1932,pee6Xoi1ie,913-314-7201,6/28/1932,Square Circle,39.14973,-94.785728
male,Andres,J,Alexander,3784 Henery Street,Wichita,KS,67202,United States,AndresJAlexander@cuvox.de,Lorguir83,Thee4pi5e,316-779-9400,6/21/1983,Handy Dan,37.72116,-97.311438
female,Kathleen,J,Gomez,1152 Rodney Street,Saint Louis,MO,63101,United States,KathleenJGomez@gustr.com,Anden1931,veeyaY9oNg0,636-487-6516,1/8/1931,CSK Auto,38.604901,-90.15006
female,Mabel,F,Boyce,629 Cottrill Lane,Stlouis,MO,63101,United States,MabelFBoyce@jourrapide.com,Knothat56,EeQu8vaesh,314-412-9673,1/16/1956,Susie's Casuals,38.66183,-90.213493
female,Doris,E,Lara,2753 Sigley Road,Belleville,KS,66935,United States,DorisELara@fleckens.hu,Ofirther1943,EedocohJ0Ai,785-527-2810,10/6/1943,Pantry Food Stores,39.811643,-97.703778
female,Christy,J,Woods,4596 Hawks Nest Lane,Saint Louis,MO,63108,United States,ChristyJWoods@armyspy.com,Makeden,ievee0jaiW,314-741-2316,3/7/1982,Body Fate,38.640125,-90.328299
female,Denise,G,Kauffman,3116 Maloy Court,Hope,KS,67451,United States,DeniseGKauffman@dayrep.com,Imadecoult,eSh8ool6Z,785-466-6232,12/14/1957,Team Uno,38.68528,-97.145809
female,Carolyn,D,Johnson,1851 Henery Street,Wichita,KS,67203,United States,CarolynDJohnson@armyspy.com,Recomed,ohl1eg5V,316-943-0410,9/2/1980,Starship Tapes & Records,37.619608,-97.407364
male,Josef,J,Lewis,4957 Big Elm,Lenexa,MO,66215,United States,JosefJLewis@superrito.com,Befteeprishe1944,oot4Wohth,816-853-2645,10/14/1944,Alpha Beta,38.855064,-94.754201
female,Cynthia,A,Brooks,2010 Rodney Street,Moscow Mills,MO,63362,United States,CynthiaABrooks@rhyta.com,Sitch1985,RaiC0aith7xu,636-356-2343,9/13/1985,Packer,38.939082,-90.951041
male,Michael,M,Green,4817 Oak Ridge Drive,Grandin,MO,63943,United States,MichaelMGreen@armyspy.com,Soman1993,ufaetho2eD,573-593-2343,4/2/1993,SoundTrack,36.798753,-90.697745
male,Dusty,B,Frazier,2528 Nicholas Street,Manhattan,KS,66502,United States,DustyBFrazier@superrito.com,Calist,Ohwe0aeK,785-323-7757,3/26/1995,Strategy Planner,39.121071,-96.532445
male,Anthony,L,Edwards,4659 Fairmont Avenue,Rushville,MO,64484,United States,AnthonyLEdwards@superrito.com,Aborecturs45,er6kioZ1gu,660-334-6752,8/18/1945,ManCharm,39.473818,-95.01538
female,Gloria,J,Woodard,1549 Lighthouse Drive,Springfield,MO,65806,United States,GloriaJWoodard@cuvox.de,Housee,oVahKa7voo,417-269-1366,4/6/1949,Rogers Peet,37.18137,-93.305997
female,Caryn,T,Porter,2515 John Daniel Drive,Jefferson City,MO,65109,United States,CarynTPorter@fleckens.hu,Coma1945,xaebaaSar2,573-673-2201,6/5/1945,Reliable Garden Management,38.578039,-92.258183
male,Marvin,E,Rosas,3269 Blair Court,Maryville,MO,64468,United States,MarvinERosas@armyspy.com,Ithoust,mee1ohbin7P,660-572-0612,11/27/1986,Datacorp,40.408092,-94.78668
male,Robert,E,Motley,851 Mandan Road,Columbia,MO,65207,United States,RobertEMotley@superrito.com,Anchey,maro9uZu6ai,573-819-7054,4/10/1951,American Wholesale Club,38.878693,-92.282115
female,Barbara,V,Burnett,1446 Briarwood Road,Springfield,MO,65806,United States,BarbaraVBurnett@jourrapide.com,Holdrested,Jei8Gu5unie,417-833-9744,3/19/1957,Dubrow's Cafeteria,37.249107,-93.275517
male,Michael,T,Beck,295 Court Street,Union,MO,63084,United States,MichaelTBeck@jourrapide.com,Ittle1991,ahchi5Bai0f,636-583-3971,1/9/1991,The Warner Brothers Store,38.505868,-91.022721
male,Robert,L,Scott,2876 Twin House Lane,Springfield,MO,65804,United States,RobertLScott@gustr.com,Whem1988,Gohf9ohng,417-449-7113,7/17/1988,Giant,37.171181,-93.242381
female,Addie,J,Carr,1903 Sherman Street,Lawrence,KS,66044,United States,AddieJCarr@dayrep.com,Apigh1972,ceeGh7kahl,785-830-5932,8/3/1972,Source Club,39.014468,-95.192168
male,Anthony,M,Costa,433 Henery Street,Wichita,KS,67226,United States,AnthonyMCosta@rhyta.com,Cholove,la9Thahzei4,316-847-1896,10/9/1968,Techo Solutions,37.87102,-97.157684
female,Amanda,J,Elston,838 Nicholas Street,Topeka,KS,66607,United States,AmandaJElston@jourrapide.com,Brity1948,ierie8Cu8o,785-248-3915,8/19/1948,Buttrey Food & Drug,39.066542,-95.6291
male,Clarence,P,Edwards,626 Oak Lane,Centerview,MO,64019,United States,ClarencePEdwards@superrito.com,Muctile,Eev6cub9,660-656-7100,10/11/1941,Super Saver Foods,38.854997,-93.8489
male,Andrew,M,Debord,1919 Roosevelt Road,Caldwell,KS,67022,United States,AndrewMDebord@fleckens.hu,Aftefuld,tae1Coo2iph,620-296-2855,8/22/1930,Rainbow Records,37.100786,-97.662578
female,Brandi,A,Hartley,2120 White Oak Drive,Raytown,MO,64133,United States,BrandiAHartley@teleworm.us,Claidecon,eiCex0ee,816-743-7979,6/16/1956,Webcom Business Services,39.060616,-94.413952
male,Burton,C,Rogers,575 James Avenue,Wichita,KS,67218,United States,BurtonCRogers@fleckens.hu,Conflims92,iehaW5bo,316-220-4461,2/22/1992,Integra Investment Service,37.67238,-97.363196
female,Lois,E,Knee,1037 Twin House Lane,Springfield,MO,65804,United States,LoisEKnee@einrot.com,Seress41,jee8paiCh,417-483-6367,11/1/1941,Action Auto,37.166352,-93.292349
female,Alicia,T,Folmar,2947 Ridge Road,Emporia,KS,66801,United States,AliciaTFolmar@dayrep.com,Earmeard1969,eeB9eiyai,620-699-3568,4/18/1969,SoundTrack,38.51426,-96.174203
female,Melissa,J,Marino,1656 Harvest Lane,Blackwater,MO,65322,United States,MelissaJMarino@dayrep.com,Daught70,ChoJua2Oo,660-846-7264,10/30/1970,Total Quality,39.012731,-92.976544
male,Jacob,S,Buckner,3795 Williams Lane,Wichita,KS,67202,United States,JacobSBuckner@armyspy.com,Themphes,Ielu7ilo,316-712-3739,2/15/1984,Omni Tech,37.595321,-97.25855
female,Kelly,D,Galeano,96 Court Street,Saint Charles,MO,63301,United States,KellyDGaleano@cuvox.de,Ouressee,eiChahzied7,636-724-4716,1/11/1969,Multi-Systems Merchant Services,38.767076,-90.570903
female,Winifred,L,Crouch,4684 Nutter Street,Kansas City,MO,64110,United States,WinifredLCrouch@rhyta.com,Dayse1967,eiPule1que,816-276-7825,1/19/1967,Handy Dan,39.110577,-94.515413
male,Tom,L,Capps,4601 Roosevelt Road,Wichita,KS,67202,United States,TomLCapps@dayrep.com,Crions,Eov2poloo,620-307-7143,2/7/1968,Builders Square,37.773985,-97.312764
female,Sherice,R,Sherwin,4071 Oak Lane,Bucklin,MO,64631,United States,ShericeRSherwin@fleckens.hu,Gired1986,eec5ahN9Ich,660-695-1222,3/20/1986,Parts and Pieces,39.858018,-92.961385
female,Barbara,B,Odea,673 Oliverio Drive,Hoisington,KS,67544,United States,BarbaraBOdea@teleworm.us,Harms1961,shuv2dohGeu,620-653-1748,11/11/1961,Harold Powell,38.49774,-98.820735
male,Mark,V,Wildermuth,4575 Dog Hill Lane,Barnard,KS,67418,United States,MarkVWildermuth@superrito.com,Vocassithand,air4ming7Gaic,785-792-4118,3/22/1958,Magna Wealth,39.255543,-98.021564
male,Javier,R,Jones,215 Loving Acres Road,Kansas City,MO,64110,United States,JavierRJones@gustr.com,Beggall,wiequ3uuR,816-926-5861,10/29/1959,Manning's Cafeterias,39.128903,-94.487814
male,Ronald,B,Heider,3387 Oliverio Drive,Syracuse,KS,67878,United States,RonaldBHeider@dayrep.com,Jusparn,eeneeQu8,620-499-3566,5/14/1935,Big Bear Stores,38.059051,-101.788717
female,Beatrice,J,Santana,3336 White Oak Drive,Peculiar,MO,64078,United States,BeatriceJSantana@dayrep.com,Wrove1940,Aaquuu5Ae0,816-758-3541,8/28/1940,Helping Hand,38.673125,-94.529321
female,Nancy,J,Moyer,477 Ash Avenue,Stlouis,MO,63101,United States,NancyJMoyer@teleworm.us,Thaethrad,ro1Ooch0Icai,314-915-4573,8/11/1982,First Choice Yard Help,38.580248,-90.17826
male,Joshua,M,Cabrera,1386 Nicholas Street,Salina,KS,67401,United States,JoshuaMCabrera@jourrapide.com,Dism1947,thai5Rei2yie,785-280-2261,1/20/1947,FamilyMart,38.84312,-97.55659
female,Rachel,T,Colbert,3207 Sigley Road,Manhattan,KS,66502,United States,RachelTColbert@armyspy.com,Searpon,weiwaoGo7ee,785-537-1937,12/9/1943,Walt's IGA,39.151677,-96.459687
male,Paul,T,Campbell,667 Dog Hill Lane,Waverly,KS,66871,United States,PaulTCampbell@gustr.com,Usbacener,oiXeej1oh,785-733-1645,3/27/1975,Friendly Advice,38.413761,-95.694388
female,Monica,W,Riley,4155 Locust View Drive,Joplin,MO,64801,United States,MonicaWRiley@cuvox.de,Trier1973,uNge5weeSh,417-206-8685,9/14/1973,E-zhe Source,37.215332,-94.456037
female,Sallie,D,Stevens,2141 Big Elm,Independence,MO,64052,United States,SallieDStevens@einrot.com,Therencough,Jo0eipobui7,816-798-3454,3/4/1959,Sounds of Soul Records & Tapes,39.095238,-94.454247
female,Shannon,T,Gibson,1836 Blane Street,Hazelwood,MO,63042,United States,ShannonTGibson@armyspy.com,Hemplife,ba7aewool0Ch,314-614-2468,6/8/1961,Morville,38.740773,-90.35422
male,Larry,M,Nelson,2158 Oak Lane,Leavenworth,MO,66048,United States,LarryMNelson@cuvox.de,Knordn,leech0Gi,660-787-2015,9/23/1935,Music Boutique,39.343507,-95.034209
male,Frederick,P,Romero,4870 Chandler Drive,Branson,MO,65616,United States,FrederickPRomero@rhyta.com,Prommented,eequah5P,417-593-6591,8/5/1943,Solution Realty,36.633362,-93.350889
male,Samuel,P,Bates,1887 Roosevelt Road,Saffordville,KS,66869,United States,SamuelPBates@dayrep.com,Busionea,Eiba9Tooz,620-279-8098,1/29/1991,Foxmoor,38.455868,-96.35471
female,Susan,F,Langley,4402 Oliverio Drive,Ashland,KS,67831,United States,SusanFLangley@einrot.com,Daway1952,iem6zeib6Je,620-635-0636,1/14/1952,d.e.m.o.,37.211745,-99.763128
female,Bonnie,J,Cloutier,1826 Sigley Road,Manhattan,KS,66502,United States,BonnieJCloutier@cuvox.de,Wiltow1988,aqu8Ahyieb0,785-565-3368,2/10/1988,Edge Yard Service,39.19315,-96.570165
female,Peggy,D,Sisler,74 Maple Court,Manchester,MO,63011,United States,PeggyDSisler@fleckens.hu,Moothoung,Or6moh8ee,573-427-9032,6/2/1985,Tweeter,39.454026,-90.400872
male,Gary,M,Foley,4977 Better Street,Kansas City,KS,66102,United States,GaryMFoley@gustr.com,Busnabod,ieBah2Ohei,913-334-8352,12/21/1934,Star Merchant Services,39.132738,-94.711732
female,Mary,D,Hall,3588 Davis Place,Mansfield,MO,65704,United States,MaryDHall@cuvox.de,Aten1931,aes1yaiG,417-924-8512,12/22/1931,Exact Solutions,37.224563,-92.579014
female,Melissa,M,Eagan,4386 John Daniel Drive,Jefferson City,MO,65101,United States,MelissaMEagan@einrot.com,Eaceforehis,Vach7ubaJ,573-636-9006,2/17/1943,Chase Pitkin,38.537549,-92.06274
female,Karla,M,Sager,2890 Nicholas Street,Hays,KS,67601,United States,KarlaMSager@cuvox.de,Alest1983,Ej4keca5,785-260-2873,5/11/1983,KB Toys,38.816518,-99.263773
female,Rebecca,A,Dilley,4743 Maloy Court,Hill City,KS,67642,United States,RebeccaADilley@fleckens.hu,Haductincer,Aiyasah4op,785-421-2229,11/2/1965,Vitagee,39.324179,-99.766076
male,David,M,Morley,3008 John Daniel Drive,Wardell Mayfair,MO,63879,United States,DavidMMorley@jourrapide.com,Gues1984,quie1Einoo,573-628-0516,3/7/1984,Funtown toys,37.966766,-91.857503
female,Irene,T,Gallagher,211 Big Elm,Kansas City,MO,64106,United States,IreneTGallagher@rhyta.com,Freand,eetie6ohJ,816-784-9177,8/7/1942,Media Play,39.040145,-94.542909
male,Sheldon,I,Taulbee,3740 Harvest Lane,Jamestown,MO,65046,United States,SheldonITaulbee@teleworm.us,Poicheir,Aoth1ohshaw,660-849-2777,2/17/1936,Ellman's Catalog Showrooms,38.861726,-92.515389
female,Barbara,M,Bonner,1538 Breezewood Court,Parsons,KS,67357,United States,BarbaraMBonner@einrot.com,Nexperms,Geetie3Oh,620-423-7223,12/20/1964,Stratagee,37.301259,-95.350412
male,Charles,M,Dozier,3747 Chandler Drive,Clever,MO,65631,United States,CharlesMDozier@rhyta.com,Youredneved,Eo7Ji0hi,417-743-2243,12/5/1942,Indiewealth,37.080734,-93.486378
female,Patricia,E,Conn,3996 Williams Lane,Wichita,KS,67213,United States,PatriciaEConn@einrot.com,Seel1959,wazee5ue6Ie,316-393-7703,12/10/1959,Dee's Drive-In,37.735118,-97.302565
female,Martha,C,Castaneda,63 Poe Lane,Kansas City,KS,64105,United States,MarthaCCastaneda@einrot.com,Spois1955,EewoKier9ch,913-535-7704,12/14/1955,Matrix Architectural Service,39.16149,-94.524409
male,Charles,T,Gerber,2950 White Oak Drive,Buckner,MO,64016,United States,CharlesTGerber@superrito.com,Hards1964,Di1oiGoole,816-650-6933,4/21/1964,I. Magnin,39.129742,-94.115501
female,Cindy,C,McKee,2542 Nicholas Street,Topeka,KS,66605,United States,CindyCMcKee@jourrapide.com,Shaticut,Pheili3thoo,785-290-8674,10/7/1985,Eli Moore Inc,39.037734,-95.684779
female,Qiana,J,Adams,4651 State Street,Saint Louis,MO,63146,United States,QianaJAdams@rhyta.com,Ried1974,bei8SeiMet,314-226-2780,11/18/1974,Romp,38.631171,-90.59989
male,Keith,S,Bosserman,2174 White Oak Drive,Ferrelview,MO,64163,United States,KeithSBosserman@rhyta.com,Thaton,aegh3Iu8s,816-659-3195,11/6/1991,Gov Mart,39.307451,-94.571187
male,Francis,A,Johnson,1500 Rodney Street,Saint Louis,MO,63101,United States,FrancisAJohnson@jourrapide.com,Dince1957,Ahd8pey5omo,636-565-6442,3/5/1957,Britling Cafeterias,38.71903,-90.098122
female,Brenda,A,Braswell,1475 Tree Frog Lane,Lenexa,MO,66215,United States,BrendaABraswell@fleckens.hu,Groul1936,peanigice9C,816-550-0479,3/13/1936,Helios Air,39.019481,-94.668164
male,Rodney,D,Bennett,4000 Hawks Nest Lane,Olivette,MO,63132,United States,RodneyDBennett@rhyta.com,Pladery,kee8MauQu6,314-722-7684,2/12/1940,Merrymaking,38.759546,-90.286583
female,Alfreda,W,Sylva,2365 Henery Street,Colwich Bentley,KS,67030,United States,AlfredaWSylva@teleworm.us,Thicid,Eip3Ahd1eez,316-796-8307,12/4/1969,Freedom Map,37.960237,-97.484427
female,Maggie,C,Casteel,2498 Ash Avenue,Saint Louis,MO,63130,United States,MaggieCCasteel@einrot.com,Twoubbeck,Eeth0awaot7as,314-863-5390,3/31/1946,Weenie Beenie,38.61269,-90.405431
female,Marjorie,C,Lanctot,3822 Chandler Drive,Springfield,MO,65806,United States,MarjorieCLanctot@rhyta.com,Googed,Xo0air5e,417-567-8167,5/2/1965,Castro Convertibles,37.154737,-93.280663
male,Paul,J,Webster,2380 Fairmont Avenue,Otterville,MO,65348,United States,PaulJWebster@jourrapide.com,Loys1959,eisaiwaigh8E,660-366-2149,5/15/1959,Newhair,38.805366,-93.064499
female,Betty,G,Falk,2168 Cottrill Lane,Manchester,MO,63011,United States,BettyGFalk@superrito.com,Acqualatithe,Aeghakie1l,314-402-4571,5/25/1954,Rogersound Labs,39.500334,-90.424421
male,Robert,M,Walton,182 White Oak Drive,Kansas City,MO,64106,United States,RobertMWalton@armyspy.com,Onest1943,OY2keipo0,816-701-5601,12/1/1943,Access Asia,39.146418,-94.564393
male,Kenneth,A,Young,845 Better Street,Kansas City,KS,66101,United States,KennethAYoung@teleworm.us,Catter,If3raey3,913-371-2411,7/13/1983,Full Color,39.123038,-94.626303
male,William,P,Buckley,1188 Rodney Street,Manchester,MO,63011,United States,WilliamPBuckley@jourrapide.com,Forch1969,eD9thohz8ay,636-384-9325,12/4/1969,Your Choices,39.533621,-90.376254
female,Sandra,D,Gamble,2033 Roosevelt Road,Independence,KS,67301,United States,SandraDGamble@teleworm.us,Pontleas1935,zooPh4ahMah,620-330-7576,12/9/1935,Town and Country Convenience Stores,37.204132,-95.655647
male,Lloyd,V,Carr,2434 Better Street,Kansas City,KS,66101,United States,LloydVCarr@dayrep.com,Ruch1981,aiCh4bozaen,913-321-4172,6/28/1981,Karl's Shoes,39.15265,-94.552096
male,Carlos,E,Wolff,679 Dog Hill Lane,Hill City,KS,67642,United States,CarlosEWolff@armyspy.com,Dresse,Shoivio0nath,785-754-9770,10/16/1989,Delchamps,39.31905,-99.879245
male,Ralph,M,Prejean,3595 Fairmont Avenue,Purdin,MO,64674,United States,RalphMPrejean@superrito.com,Acque1939,Yaiqu5aiwah,660-244-8430,10/23/1939,Eagle Food Centers,39.922769,-93.216921
female,Alba,K,Wheeler,2221 Roosevelt Road,Hutchinson,KS,67501,United States,AlbaKWheeler@gustr.com,Whied1942,Raefae1oghax,620-259-1656,5/26/1942,Realty Depot,37.892999,-97.960448
male,William,B,Logan,251 Henery Street,Wichita,KS,67226,United States,WilliamBLogan@dayrep.com,Fashe1946,yo2xaib9juSh,316-880-1015,7/22/1946,Martin's,37.749752,-97.294028
female,Mary,S,Hayes,4907 Breezewood Court,Chanute,KS,66720,United States,MarySHayes@superrito.com,Wasterip,juzeaTae4,620-432-2137,6/15/1995,Crown Books,37.56059,-95.433986
male,James,P,Clayton,1855 Ridge Road,Parsons,KS,67357,United States,JamesPClayton@superrito.com,Thaut1966,eeBaboi2ah,620-714-3630,9/20/1966,Purity Supreme,37.386208,-95.164547
male,Duane,E,Rich,1433 Blair Court,Kansas City,MO,64106,United States,DuaneERich@teleworm.us,Sainged,waeC9thii3,660-553-2241,2/4/1953,The White Rabbit,39.147806,-94.644805
male,Josh,M,Taylor,2438 Ridge Road,Ulysses,KS,67880,United States,JoshMTaylor@armyspy.com,Estion,Eengai6ch,620-861-1528,12/31/1980,University Stereo,37.586996,-101.337652
female,Laurel,A,Jackson,4230 Lighthouse Drive,Fort Scott,MO,66701,United States,LaurelAJackson@teleworm.us,Witiontis42,iejec0Goet,417-228-3766,10/21/1942,Greyvoid,37.889242,-94.718702
male,Jacob,R,Harvey,577 Sigley Road,Lincoln,KS,67455,United States,JacobRHarvey@gustr.com,Giat1962,eiSie8aTh,785-524-6331,1/19/1962,Matrix Interior Design,39.0276,-98.192418
male,Robert,R,Cottrell,1646 Poe Lane,Overland Park,KS,66210,United States,RobertRCottrell@jourrapide.com,Giver1931,GieS1aimah9,913-498-4490,4/27/1931,Megatronic Plus,38.835391,-94.705665
female,Lucille,E,Vance,378 Charter Street,Kansas City,KS,64106,United States,LucilleEVance@fleckens.hu,Donfe1953,ohNgia8mai,913-675-1242,11/20/1953,Monit,39.146769,-94.504022
female,Susan,D,Blum,1309 Hawks Nest Lane,Saint Louis,MO,63120,United States,SusanDBlum@rhyta.com,Greleige,GaeP2bieF8z,314-679-5374,3/5/1938,JumboSports,38.624688,-90.298462
female,Mary,G,Dashiell,3489 Tree Frog Lane,Kansas City,MO,64119,United States,MaryGDashiell@armyspy.com,Cleaskulty,Vee0ooLaej,816-459-2368,2/3/1992,Irving's Sporting Goods,39.312578,-94.421145
female,Mary,M,Morais,2336 Oak Ridge Drive,Bloomfield,MO,63825,United States,MaryMMorais@jourrapide.com,Saides,Binei1iegh8,573-568-7704,7/1/1942,Techo Solutions,37.013891,-89.963381
male,Hugh,V,Tait,3907 Better Street,Fort Worth,KS,76102,United States,HughVTait@armyspy.com,Faceeces,ahSh3ciz,913-251-4961,4/9/1992,Magik Lamp,32.702956,-97.239932
male,Robert,K,Wright,2400 John Daniel Drive,Poplar Bluff,MO,63901,United States,RobertKWright@gustr.com,Lentoons,teiw9leGei,573-686-6938,3/1/1943,Enrich Garden Services,36.804118,-90.43916
female,Carolynn,A,Phillips,4726 Mandan Road,Holcomb,MO,63852,United States,CarolynnAPhillips@dayrep.com,Arlift,Oowoe1oore,573-792-2003,9/18/1943,Strategy Planner,36.333189,-90.059331
female,Tammie,W,Spears,3963 Charter Street,Nortonville,KS,66060,United States,TammieWSpears@fleckens.hu,Obleas,veZ0ij5mau,913-886-0288,11/16/1963,Golf Augusta Pro Shops,39.381938,-95.38266
male,Donald,E,Corley,2139 Breezewood Court,Norwich,KS,67118,United States,DonaldECorley@cuvox.de,Stren1963,quiehee9Om,620-478-5836,7/8/1963,De-Jaiz Mens Clothing,37.529581,-97.948043
female,Annie,C,Poe,3008 Sigley Road,Melvern,KS,66510,United States,AnnieCPoe@jourrapide.com,Harstin,aifoo9Too4ae,785-549-2564,12/16/1956,Sun Television and Appliances,38.488026,-95.640972
male,Dennis,J,Carlos,1758 Mandan Road,Farmington,MO,63640,United States,DennisJCarlos@dayrep.com,Feemphynead,LahSaegh7,573-783-7403,6/20/1968,Monk House Sales,37.728777,-90.388211
female,Christine,P,Guerrette,833 Breezewood Court,Madison,KS,66860,United States,ChristinePGuerrette@einrot.com,Melcand,Ahdie1kuoch,620-427-8310,4/27/1937,Gas Zone,38.186946,-96.187605
female,Teri,J,Eddington,2587 Big Elm,Lenexa,MO,66214,United States,TeriJEddington@fleckens.hu,Hishy1944,AuGh0Foo,816-878-2733,6/7/1944,Circuit City,38.936722,-94.796148
male,Andrew,D,Douglas,4877 Penn Street,Manchester,MO,63011,United States,AndrewDDouglas@fleckens.hu,Hatily,loh5Ahnge,573-225-8861,1/6/1982,FamilyMart,39.516715,-90.371092
female,Christina,S,Chambers,4950 Preston Street,Wichita,KS,67202,United States,ChristinaSChambers@superrito.com,Sorliand,vea9de5Koo,620-957-1030,4/23/1940,Britches of Georgetown,37.751222,-97.392988
male,James,M,Good,2753 White Oak Drive,Independence,MO,64055,United States,JamesMGood@dayrep.com,Hadity,KohY4Toocah,816-674-7580,1/15/1942,Strong Life,39.085674,-94.441278
male,Roderick,C,McAlister,27 Big Elm,Saint Joseph,MO,64501,United States,RoderickCMcAlister@superrito.com,Havowel,oo4aFeca9u,816-901-2282,8/7/1985,Chi-Chi's,39.807608,-94.726458
female,Yolanda,T,Martin,112 Oak Ridge Drive,Jefferson City,MO,65101,United States,YolandaTMartin@superrito.com,Nothem,tu5Shahp,573-526-2296,11/29/1973,Maxi-Tech,38.503908,-92.187705
male,Edward,M,Bradshaw,4921 Bruce Street,Saint Louis,MO,63101,United States,EdwardMBradshaw@superrito.com,Thourany,EeS5ohLahQu,314-345-3990,3/1/1974,Eisner Food Stores,38.594343,-90.112081
female,Beverley,J,Peterson,2670 Court Street,Saint Louis,MO,63101,United States,BeverleyJPeterson@jourrapide.com,Oury1987,fu6tahJ6ee,636-812-8076,3/3/1987,Afforda,38.716395,-90.154453
male,Leslie,B,Lyons,1614 Ash Avenue,Saint Louis,MO,63108,United States,LeslieBLyons@dayrep.com,Inceiren,uuvie5As,314-918-6301,9/8/1969,Rickel,38.645517,-90.207569
female,Lisa,P,Garrison,2757 Maple Court,Saint Louis,MO,63101,United States,LisaPGarrison@superrito.com,Quittle1930,Uish3Ohl,573-433-5050,12/26/1930,Starship Tapes & Records,38.660461,-90.115471
male,Nathan,D,Lee,4307 Lighthouse Drive,Springfield,MO,65804,United States,NathanDLee@jourrapide.com,Alwaroullace,reuTh3ieQu,417-294-5093,11/29/1952,Pay 'N Pak,37.074304,-93.274388
male,Enoch,N,Cano,3992 Oak Lane,Chilhowee,MO,64733,United States,EnochNCano@teleworm.us,Leopere,Eech1uthah,660-678-5011,6/26/1938,Movie Gallery,38.64681,-93.830436
male,Terry,A,Albritton,4859 Nutter Street,Kansas City,MO,64127,United States,TerryAAlbritton@teleworm.us,Fortard,Yoo5que7xooD,816-241-9372,4/11/1936,Sofa Express,39.148871,-94.507502
female,Nicole,D,Huber,3739 Sherman Street,Fort Worth,KS,76102,United States,NicoleDHuber@cuvox.de,Fortat,gaeG9ahdei,785-884-8115,8/16/1988,Weathervane,32.728047,-97.259447
male,David,D,Spencer,922 John Daniel Drive,New Hartford,MO,63364,United States,DavidDSpencer@rhyta.com,Thfuldra,ooJo5oth,573-669-5438,7/5/1955,Rich and Happy,39.268882,-91.261947
male,Steven,B,Fischer,4147 Ash Avenue,Kirkwood,MO,63122,United States,StevenBFischer@fleckens.hu,Foreadfat,EeGh8thi,314-957-0129,5/30/1966,MagnaSolution,38.483926,-90.390432
male,Levi,J,Perez,4963 James Avenue,Wichita,KS,67202,United States,LeviJPerez@gustr.com,Loncend,yue5Eepohyu,316-303-6016,2/27/1942,Integra Design,37.659523,-97.338279
female,Ruth,R,Cantu,1713 Gandy Street,Saint Louis,MO,63146,United States,RuthRCantu@fleckens.hu,Whissilther,ahQu7ahr3,314-986-2833,6/26/1966,Soul Sounds Unlimited,38.804285,-90.585755
male,Corey,C,Ledesma,4378 Sharon Lane,Doniphan,MO,63935,United States,CoreyCLedesma@teleworm.us,Forged1972,eNo2biquae,573-996-1074,4/15/1972,Gart Sports,36.584428,-91.036579
male,David,C,Johnson,1688 Breezewood Court,Macksville,KS,67557,United States,DavidCJohnson@jourrapide.com,Gelon1934,GejufaeZ4,620-348-1553,4/22/1934,House Works,37.962061,-98.949845
male,Andy,J,Harris,1132 Fairmont Avenue,Brock,MO,63555,United States,AndyJHarris@jourrapide.com,Plards,Ex8aiquaigh,660-328-8047,9/25/1948,Standard Brands Paint Company,40.442487,-95.907355
female,Janice,J,Roche,2877 Mandan Road,Jefferson City,MO,65101,United States,JaniceJRoche@superrito.com,Apecied,cha1WaiHu,573-821-6573,6/8/1989,Custom Lawn Service,38.504943,-92.095493
male,Michael,C,Glover,4072 Nutter Street,Independence,MO,64055,United States,MichaelCGlover@jourrapide.com,Gorn1956,chohci9Uo,816-304-1017,7/26/1956,Buck Alley Lumber,39.006089,-94.371771
male,Brandon,N,Bermudez,619 Nicholas Street,Topeka,KS,66604,United States,BrandonNBermudez@superrito.com,Ablessi,iete7gequ7Ae,785-271-4565,12/29/1966,Bloom Brothers Furniture,39.077896,-95.752087
male,Edward,K,Bowden,4919 Maloy Court,Miltonvale,KS,67466,United States,EdwardKBowden@superrito.com,Hilis1975,aiW4Oogigh,785-427-7193,6/12/1975,Nelson Brothers,39.313271,-97.558946
male,Clifton,D,Walker,4604 Oliverio Drive,Yates Center,KS,66783,United States,CliftonDWalker@gustr.com,Wilis1968,Yoo3ahGea6ee,620-625-3142,12/16/1968,System Star,37.933865,-95.810551
female,Sharon,J,Caffey,797 Court Street,Chesterfield,MO,63005,United States,SharonJCaffey@jourrapide.com,Maregme,kaeloo6Ie,636-735-3928,7/19/1930,Stratagee,38.557175,-90.724337
female,Teisha,R,Bauer,2393 Henery Street,Wichita,KS,67202,United States,TeishaRBauer@jourrapide.com,Sublegand,ieC7arair4y,316-779-4786,6/6/1941,Sun Foods,37.591691,-97.330551
male,Archie,V,Bergman,4589 Blair Court,Kansas City,MO,66210,United States,ArchieVBergman@jourrapide.com,Anniguiturve,AhM4phie,660-460-1031,8/3/1957,Bennett Brothers,39.173889,-94.762746
male,Douglas,K,Hunley,1367 Penn Street,Camdenton,MO,65020,United States,DouglasKHunley@teleworm.us,Tarin1975,naSimiok1j,573-317-7077,10/3/1975,Asian Answers,37.948883,-92.805055
male,Michael,T,Francis,1317 Oak Ridge Drive,Annapolis,MO,63620,United States,MichaelTFrancis@dayrep.com,Objeand,odai4Eighoh,573-598-5788,5/16/1990,Star Interior Design,37.408663,-90.585212
male,William,M,Brown,3800 John Daniel Drive,Saint Louis,MO,63101,United States,WilliamMBrown@rhyta.com,Gavy1953,vie5keiV4,573-710-1449,3/21/1953,Stop N Shop,38.616276,-90.173692
male,Glenn,J,Harding,2604 Preston Street,Harper,KS,67058,United States,GlennJHarding@superrito.com,Skiner1974,Eep8zeeBu7sh,620-896-3986,5/9/1974,Plan Smart,37.249087,-98.028447
female,Caroline,R,Sanderson,4802 Ridge Road,Galesburg,KS,66740,United States,CarolineRSanderson@gustr.com,Evereligh1983,Yai3eipie,620-763-6754,2/3/1983,Cellophane Square,37.375597,-95.408327
male,James,C,Villanueva,4504 Maple Court,Columbia,MO,65201,United States,JamesCVillanueva@gustr.com,Watelt,zaiSaaX9Ee,573-449-4493,6/12/1993,Happy Bear Investment,38.976193,-92.23095
male,Carlos,K,Ugarte,982 Ash Avenue,Stlouis,MO,63101,United States,CarlosKUgarte@rhyta.com,Excen1975,baizohFai1,314-913-6363,1/23/1975,Best Biz Survis,38.725152,-90.090723
male,Eric,M,Furlong,632 Big Elm,Lenexa,MO,66214,United States,EricMFurlong@armyspy.com,Witert43,ieyahMohw1j,816-876-9384,4/15/1943,Simply Save,38.997946,-94.720864
female,Joann,S,Kleist,3123 Williams Lane,Wichita,KS,67218,United States,JoannSKleist@armyspy.com,Waguastind,iuV4baa3Poo,316-681-2217,5/22/1940,Brendle's,37.753507,-97.217
female,Alice,R,Burton,2303 Fairmont Avenue,Huntsville,MO,65259,United States,AliceRBurton@rhyta.com,Hardsoll,Uingei4z,660-277-6870,2/20/1976,Matrix Interior Design,39.416575,-92.47222
male,Robert,V,Sexton,3663 Irving Place,Belleville,MO,62220,United States,RobertVSexton@einrot.com,Imetungs,chie0Aix,636-323-0285,7/6/1980,Pro Star,38.485489,-90.043609
male,John,G,Peterson,4745 Briarwood Road,Pittsburg,MO,65724,United States,JohnGPeterson@einrot.com,Duct1957,ooGhei5li2,417-852-5739,9/14/1957,Frame Scene,37.778162,-93.397797
male,Gregory,J,Gonzalez,953 Chandler Drive,Lebanon,MO,65536,United States,GregoryJGonzalez@armyspy.com,Arday1987,Vie2naemu,417-657-8932,5/20/1987,Mission Realty,37.742814,-92.683742
female,Joyce,J,Hildebrand,410 Hummingbird Way,Salina,KS,67401,United States,JoyceJHildebrand@armyspy.com,Plefulther,OZiepa7g,785-201-1824,4/25/1993,Bumper to Bumper Auto Parts,38.87876,-97.641588
male,David,M,Arena,4500 Irving Place,Valley Park,MO,63088,United States,DavidMArena@dayrep.com,Grals1945,theGh0Eich,636-226-6188,3/19/1945,L.L. Berger,38.632805,-90.479071
female,Barbara,T,Spence,2960 Nicholas Street,Centropolis,KS,66067,United States,BarbaraTSpence@armyspy.com,Eand1971,aegooMia6oo,785-255-6391,6/19/1971,Soft Warehouse,38.666963,-95.266953
male,Danny,N,Barclay,446 Oak Lane,Callao,MO,63534,United States,DannyNBarclay@superrito.com,Pedularave,Quohz9yaagh,660-768-1406,6/17/1987,Thriftway Food Mart,39.738328,-92.704434
female,Betty,R,Storer,4528 Court Street,Saint Louis,MO,63146,United States,BettyRStorer@cuvox.de,Hiscoutiould33,naa0ahQuah,636-866-8958,4/9/1933,Your Future Is Now,38.6523,-90.549203
male,Theodore,C,August,4933 Breezewood Court,Madison,KS,66860,United States,TheodoreCAugust@cuvox.de,Equallown,Aeb7ahb8,620-437-7856,10/27/1990,Rustler Steak House,38.021275,-96.090706
male,George,C,Lindsey,2085 Charter Street,Kansas City,KS,64108,United States,GeorgeCLindsey@dayrep.com,Mushoull64,Ohqua9ae,913-709-0354,11/5/1964,Weenie Beenie,39.134835,-94.673704
female,Crystal,M,Snider,2677 Cottrill Lane,Maryland Heights,MO,63141,United States,CrystalMSnider@einrot.com,Disently,Em2fohngei,314-442-7130,8/6/1989,Sunburst Garden Management,38.680438,-90.497583
female,Maxine,R,Williams,800 Hawks Nest Lane,Saint Louis,MO,63108,United States,MaxineRWilliams@einrot.com,Dold1949,AiS6saefie,314-702-5621,12/15/1949,The Flying Hippo ,38.545268,-90.202743
male,Michael,R,Oliver,3673 Fairmont Avenue,Maryville,MO,64468,United States,MichaelROliver@jourrapide.com,Dist1940,Quiep2oaG7,660-254-6581,9/8/1940,Life Map,40.431125,-94.929156
female,Karissa,F,Moreno,3270 White Oak Drive,Blue Springs,MO,64015,United States,KarissaFMoreno@gustr.com,Thessfy,Quie5leicee,816-655-7361,8/5/1968,Sam Goody,39.060513,-94.413205
male,Angel,C,Roberts,2187 Fairmont Avenue,Moberly,MO,65270,United States,AngelCRoberts@rhyta.com,Leoratte,ok5ooCah4oof,660-353-2148,2/11/1993,Holly Tree Inn,39.447015,-92.465199
female,Nancy,B,Simmonds,3400 James Avenue,Wichita,KS,67226,United States,NancyBSimmonds@superrito.com,Therring,Neobaij9hah,316-312-0341,2/17/1962,Aaronson Furniture,37.79205,-97.274253
female,Vanessa,W,Majors,2589 Lighthouse Drive,Fort Scott,MO,66701,United States,VanessaWMajors@fleckens.hu,Thynand,aht3oa9Ajai,417-228-8846,12/1/1943,Strategy Consulting,37.769018,-94.782061
male,Johnny,D,Haynes,1071 Rodney Street,Stlouis,MO,63101,United States,JohnnyDHaynes@teleworm.us,Chatimmon,Shiweic1phu,636-484-3974,2/19/1957,Matrix Interior Design,38.565596,-90.24962
female,Shamika,B,Coleman,3486 Loving Acres Road,Kansas City,MO,64105,United States,ShamikaBColeman@gustr.com,Pecto1982,FaiNeiZ0,816-949-8013,5/4/1982,Sampson's,39.121951,-94.597262
male,Victor,M,Gibbs,1740 Twin House Lane,Lanagan,MO,64847,United States,VictorMGibbs@jourrapide.com,Therwayst,eem3aseiQuae,417-436-3115,11/23/1976,Mars Music,36.595719,-94.425837
male,Jessie,E,Martin,3050 Cottrill Lane,Saint Louis,MO,63129,United States,JessieEMartin@teleworm.us,Wifigh,deiz9EeZepie,314-416-9670,5/25/1968,Gas Zone,38.520329,-90.334677
female,Angelia,J,Garrett,4945 Traders Alley,Kansas City,MO,64119,United States,AngeliaJGarrett@superrito.com,Bove1970,Zaiheip5th,816-414-6183,3/25/1970,Gold Medal,39.158697,-94.43526
male,Harold,D,Spenser,676 Rodney Street,Chesterfield,MO,63005,United States,HaroldDSpenser@cuvox.de,Owly1928,Fei8quuej,636-536-0693,9/20/1928,You Are Successful,38.715908,-90.696727
male,Paul,L,Blanchard,4564 Maple Court,Saint Louis,MO,63108,United States,PaulLBlanchard@teleworm.us,Haturn1929,ufu4woSei,573-416-6361,10/13/1929,Strawberries,38.656895,-90.310344
female,Emma,S,Perez,4650 Briarwood Road,Springfield,MO,65804,United States,EmmaSPerez@jourrapide.com,Accamented,liek3joo9eCh,417-818-6752,3/22/1993,Lawnscape Garden Maintenance,37.070034,-93.262974
female,Jenice,W,Juhl,1071 Ridge Road,Uniontown,KS,66779,United States,JeniceWJuhl@armyspy.com,Foreweet,Sieha6Pho,620-754-3728,12/1/1966,Whitlocks Auto Supply,37.960925,-94.914015
female,Loretta,O,Solano,313 James Avenue,Wichita,KS,67202,United States,LorettaOSolano@fleckens.hu,Thez1966,ohquae7aG,316-293-3789,3/10/1966,Official All Star Caf,37.653703,-97.364828
female,Tameka,A,Parrish,2949 Oak Lane,Kansas City,MO,64106,United States,TamekaAParrish@jourrapide.com,Guideare,Bako5ochah,660-677-1122,10/13/1984,Intelacard,39.078951,-94.635422
male,Reginald,D,Fogg,2864 Chandler Drive,Springfield,MO,65865,United States,ReginaldDFogg@dayrep.com,Likeempal1988,Ohgh1Dae,417-622-0879,6/2/1988,Best Products,37.234715,-93.282937
female,Angela,N,Marra,1195 Harvest Lane,Jameson,MO,64647,United States,AngelaNMarra@jourrapide.com,Mareake,Xaej1nieTai,660-828-1767,12/30/1960,World Radio,40.065357,-94.041208
female,Jill,N,Morris,1474 Tree Frog Lane,Kansas City,MO,64111,United States,JillNMorris@gustr.com,Hisdow,Gob8Bajeehei,816-531-8601,12/7/1940,Avant Garde Interior Designs,39.020024,-94.681199
male,William,J,Scott,2714 Sherman Street,Winona,KS,67764,United States,WilliamJScott@superrito.com,Aliers1959,aiYee9saib,785-846-9384,2/20/1959,The Lawn Guru,39.066629,-101.037003
female,Zelda,R,Gardner,541 Briarwood Road,Cedarcreek,MO,65627,United States,ZeldaRGardner@armyspy.com,Forrinfort,Vaep2ahhohW,417-794-7619,1/24/1971,Evans,36.577185,-93.023263
male,Roy,L,Krick,3863 Court Street,Olivette,MO,63132,United States,RoyLKrick@jourrapide.com,Reptany43,FaiB3coo8Ei,636-741-2726,4/7/1943,Rolling Thunder,38.58972,-90.404718
female,Elizabeth,D,Loh,3238 Dog Hill Lane,Salina,KS,67401,United States,ElizabethDLoh@cuvox.de,Whounces,Ne8isahgh,785-727-2207,12/10/1986,Cardinal Stores,38.760675,-97.681127
female,Tiffany,J,Reeves,1910 Harvest Lane,Arrow Rock,MO,65320,United States,TiffanyJReeves@jourrapide.com,Judy1989,aeMeeshohr9,660-837-4338,9/22/1989,Museum Company,39.087207,-93.113951
male,Glen,K,Mason,225 Sherman Street,Lawrence,KS,66044,United States,GlenKMason@gustr.com,Lifflosight35,Ochai5ahpah,785-832-0972,12/6/1935,American Wholesale Club,39.001743,-95.220366
male,Jeremy,E,Jacobs,1959 Big Elm,Overland Park,MO,64110,United States,JeremyEJacobs@superrito.com,Millan,cienooXaeh9,816-805-9040,5/29/1947,Almacs,38.981541,-94.641936
male,Gerald,T,Brown,4097 Williams Lane,Wichita,KS,67202,United States,GeraldTBrown@armyspy.com,Nouquall,eeShu0neir,316-436-8497,6/2/1968,Infinite Wealth,37.65421,-97.434149
male,Al,A,Lam,847 Davis Place,Vanzant,MO,65768,United States,AlALam@dayrep.com,Tecame,pho1ne4ohF,417-948-3791,11/16/1966,Avant Garde Appraisal Group,36.853699,-92.180473
female,Louise,J,Griffith,1429 Twin House Lane,Springfield,MO,65806,United States,LouiseJGriffith@gustr.com,Froce1984,phais6ahChe,417-396-7529,7/30/1984,Solution Bridge,37.300406,-93.37434
female,Elizabeth,C,Pelletier,1551 Roosevelt Road,Chetopa,KS,67336,United States,ElizabethCPelletier@fleckens.hu,Marthe,ej1og7She,620-236-4971,7/6/1972,Stop and Shop,37.171371,-95.025395
male,Chad,A,Lyman,462 Big Elm,Kansas City,MO,64134,United States,ChadALyman@dayrep.com,Gark1990,oofohJ9b,816-763-0685,10/30/1990,Helios Air,39.019335,-94.553517
female,Refugia,M,Osterman,981 Henery Street,Leon,KS,67074,United States,RefugiaMOsterman@jourrapide.com,Farnews,lai8eaYohp,316-745-1673,11/9/1959,Pro Star Garden Management,37.637874,-96.817447
male,James,S,Henke,4976 Charter Street,Kansas City,KS,66207,United States,JamesSHenke@gustr.com,Fount1951,dooveesh2Ee,913-648-5003,9/15/1951,Museum Company,39.132032,-94.751115
female,Ruby,M,Carter,3561 Nicholas Street,Home,KS,66438,United States,RubyMCarter@armyspy.com,Finever50,ahwoo8Ie,785-244-7959,5/31/1950,Specific Appraisals,39.744959,-96.437883
female,Maria,R,Long,3813 Big Elm,Richmond,MO,64085,United States,MariaRLong@superrito.com,Seenitioneve,oohae1Go,816-776-9000,11/3/1978,Stop N Shop,39.321411,-93.904968
female,Gladys,K,Beckstead,779 Ash Avenue,Saint Louis,MO,63146,United States,GladysKBeckstead@gustr.com,Dawas1979,weiQu3qu,314-906-7964,8/18/1979,Spaceage Stereo,38.675678,-90.490901
female,Joanna,A,Quast,4474 Williams Lane,Wichita,KS,67226,United States,JoannaAQuast@gustr.com,Lifen1940,Ohvahn2oox,316-634-9919,4/3/1940,Harvest Foods,37.815656,-97.268894
male,Anthony,J,Pass,1794 Breezewood Court,Dighton,KS,67839,United States,AnthonyJPass@armyspy.com,Witheauted,EeG2exa7b,620-397-7506,6/3/1951,FlowerTime,38.587959,-100.484985
female,Nancy,D,Gibson,4123 Maloy Court,Victoria,KS,67671,United States,NancyDGibson@superrito.com,Kild1986,aenie9Ugoh,785-441-4590,6/14/1986,Singer Lumber,38.917952,-99.126997
male,Freddie,T,Janes,1194 Sigley Road,Clay Center,KS,67432,United States,FreddieTJanes@teleworm.us,Witherrom,iozahduo2Ai,785-632-0056,4/20/1953,Kleinhans,39.289687,-97.188178
male,Aaron,E,Bland,2249 Lake Forest Drive,Kansas City,KS,66207,United States,AaronEBland@einrot.com,Wingand,aiCh7Teihu,913-901-1835,11/23/1968,Tee Town,39.057084,-94.781515
female,Alma,D,Conatser,865 Harvest Lane,Kansas City,MO,64106,United States,AlmaDConatser@teleworm.us,Hentive,cohPai3Lah,660-987-6143,4/24/1953,Copeland Sports,39.165746,-94.538332
male,Henry,B,Fox,460 Tree Frog Lane,Kansas City,MO,64106,United States,HenryBFox@teleworm.us,Lienshe,aisha4Ah,816-484-2235,9/1/1941,Affinity Investment Group,39.023801,-94.479586
male,Donnie,C,Thao,1486 Penn Street,Manchester,MO,63011,United States,DonnieCThao@armyspy.com,Woreas,aip7Aek7l,573-300-2407,7/24/1948,Gas Legion,39.583928,-90.420202
female,Stacee,S,Sanders,3895 Briarwood Road,Joplin,MO,64804,United States,StaceeSSanders@superrito.com,Vuld1960,Thi0xiej9l,417-860-2251,7/9/1960,Bold Ideas,37.075444,-94.412597
female,Miranda,D,Bay,2767 Nicholas Street,Tescott,KS,67484,United States,MirandaDBay@superrito.com,Momed1951,Eich8thio,785-283-5964,7/14/1951,Realty Zone,39.085931,-97.882803
male,Richard,L,Torres,4887 Hawks Nest Lane,Olivette,MO,63132,United States,RichardLTorres@jourrapide.com,Litheng,PathuRi7iw4,314-775-5572,6/6/1963,Fit Tonic,38.685469,-90.304791
male,Justyn,T,Shull,4887 Hawks Nest Lane,Olivette,MO,63132,United States,justyns@codero.com,justyns,PathuRi7iw4,314-775-5572,6/6/1963,Fit Tonic,38.685469,-90.304791
male,Stan,A,Antov,4887 Hawks Nest Lane,Olivette,MO,63132,United States,santov@codero.com,santov,PathuRi7iw4,314-775-5572,6/6/1963,Fit Tonic,38.685469,-90.304791
male,Tom,A,Martin,4887 Hawks Nest Lane,Olivette,MO,63132,United States,tmartin@codero.com,tmartin,PathuRi7iw4,314-775-5572,6/6/1963,Fit Tonic,38.685469,-90.304791
male,Marc,A,Streeter,4887 Hawks Nest Lane,Olivette,MO,63132,United States,marcs@codero.com,marcs,PathuRi7iw4,314-775-5572,6/6/1963,Fit Tonic,38.685469,-90.304791
male,John,A,Doe,2767 Nicholas Street,Tescott,KS,67484,United States,johndoe@gmail.com,johnd,Eich8thio,785-283-5964,7/14/1951,Realty Zone,39.085931,-97.882803
